INSERT INTO `hotel_group` VALUES ('F&G hotels',5,'Valaoritou',3,73134,'Chania'),('Friends and family',5,'Sofouli',1,83100,'Samos'),('Karjenners',5,'Parmenidou',12,26333,'Patra'),('Kitsch hotels',5,'Theagenous charisi',35,54639,'Thessaloniki'),('Paradise city international',5,'Othonos',4,10557,'Athens');

INSERT INTO `group_email` VALUES ('Paradise city international','pci@ehotels.gr'),('Friends and family','ff@ehotels.gr'),('Karjenners','momager@ehotels.gr'),('Kitsch hotels','kitsario@ehotels.gr'),('F&G hotels','fg@ehotels.gr');

INSERT INTO `group_phone` VALUES ('Paradise city international','+302105910546'),('Friends and family','+302273056789'),('Karjenners','+302610352673'),('Kitsch hotels','+302310253827'),('F&G hotels','+302825012482');

INSERT INTO `hotel` VALUES ('Art','F&G hotels',3,5,'El. venizelou rethymno',20,74100,'Kriti'),('Clarabell','Kitsch hotels',1,5,'Poli',NULL,84007,'Antiparos'),('Estranged','Paradise city international',4,5,'Ethnikis antistaseos',89,71306,'Kriti'),('Foikon','F&G hotels',1,5,'Kastraki',NULL,42200,'Meteora'),('Fotis','Friends and family',1,5,NULL,NULL,20400,'Trikala korinthias'),('Frida','F&G hotels',5,5,'Koleti',5,45444,'Giannena'),('Goofy','Kitsch hotels',5,5,'Vasileos paulou',39,23200,'Gytheio'),('Ilia','Friends and family',5,5,'Pythagoreio',NULL,83103,'Samos'),('Insane','F&G hotels',4,5,'Chora',NULL,84600,'Mykonos'),('Jungle','Paradise city international',3,5,'Kapodistriou',25,45221,'Giannena'),('Kendall j','Karjenners',5,5,'Hora',1,84600,'Mykonos'),('Khloe k','Karjenners',3,5,'Kapsali',9,26223,'Patra'),('Kim k','Karjenners',4,5,'Agiou nikolaou',18,26221,'Patra'),('Knocking on heavens door','Paradise city international',5,5,'Aggelou metaxa',72,16674,'Athina'),('Kourtney k','Karjenners',2,5,NULL,NULL,42200,'Meteora'),('Kylie j','Karjenners',4,5,NULL,NULL,84007,'Antiparos'),('Loukas','Friends and family',4,5,'Mykalis',40,83100,'Samos'),('Marios','Friends and family',3,5,'Plai',1,32004,'Arahova'),('Mickey','Kitsch hotels',3,5,'Vourvourou',NULL,63078,'Halkidiki'),('Minnie','Kitsch hotels',2,5,'Poseidi',NULL,63077,'Halkidiki'),('Nightrain','Paradise city international',2,5,'25is martiou',25,54646,'Thessaloniki'),('November rain','Paradise city international',2,5,'Geraniou',45,10431,'Athina'),('Pluto','Kitsch hotels',4,5,'Agiou mina',1,34100,'Halkida'),('Stauroula','Friends and family',3,5,NULL,NULL,23200,'Gytheio'),('Subtle','F&G hotels',2,5,'Zampeliou',24,73100,'Kriti');

INSERT INTO `hotel_email` VALUES ('Art','art@eotels.gr'),('Clarabell','clara@ehotels.gr'),('Estranged','estranged@ehotels.gr'),('Foikon','foikon@ehotels.gr'),('Fotis','fotis@ehotels.gr'),('Frida','frida@ehotels.gr'),('Goofy','goofy@ehotels.gr'),('Ilia','ilia@ehotels.gr'),('Insane','insane@ehotels.gr'),('Jungle','jungle@ehotels.gr'),('Kendall j','kenny@ehotels.gr'),('Khloe k','klo@ehotels.gr'),('Kim k','kim@ehotels.gr'),('Knocking on heavens door','kohd@ehotels.gr'),('Kourtney k','kourt@ehotels.gr'),('Kylie j','kylie@ehotels.gr'),('Loukas','lou@ehotels.gr'),('Marios','mk@ehotels.gr'),('Mickey','mickey@ehotels.gr'),('Minnie','minnie@ehotels.gr'),('Nightrain','nightrain@ehotels.gr'),('November rain','novrain@ehotels.gr'),('Pluto','pluto@ehotels.gr'),('Stauroula','stavi@ehotels.gr'),('Subtle','subtle@ehotels.gr');

INSERT INTO `hotel_phone` VALUES ('Art','+302831034637'),('Clarabell','+302284065328'),('Estranged','+302810526372'),('Foikon','+302432087457'),('Fotis','+3024310638254'),('Frida','+302651064735'),('Goofy','+302733061243'),('Ilia','+3022730261537'),('Insane','+302289015372'),('Jungle','+302651016830'),('Kendall j','+302289015390'),('Khloe k','+302610019263'),('Kim k','+302610645273'),('Knocking on heavens door','+302105984621'),('Kourtney k','+302432046290'),('Kylie j','+302284016203'),('Loukas','+3022730162293'),('Marios','+302267083526'),('Mickey','+302371071234'),('Minnie','+302371098076'),('Nightrain','+302310674528'),('November rain','+302108463729'),('Pluto','+302221063728'),('Stauroula','+3027330152638'),('Subtle','+3028250162738');

INSERT INTO `hotel_room` VALUES (1,'Jungle',1,'garden view','no','no',50),(2,'Jungle',1,'street view','no','no',40),(3,'Jungle',2,'garden view','no','no',70),(4,'Jungle',3,'street view','no','no',90),(5,'Jungle',4,'garden view','no','yes',120),(6,'Nightrain',1,'street view','no','yes',25),(7,'Nightrain',1,'sea view','yes, connects with next room','no',35),(8,'Nightrain',2,'street view','no','no',50),(9,'Nightrain',3,'sea view','yes ,extra beds','no',80),(10,'Nightrain',4,'street view','no','no',90),(11,'Knocking on heavens door',1,'sea view','no','no',70),(12,'Knocking on heavens door',1,'garden view','no','no',60),(13,'Knocking on heavens door',2,'sea view','yes, connects with next room','no',180),(14,'Knocking on heavens door',4,'sea view','no','no',250),(15,'November rain',1,'street view','no','no',40),(16,'November rain',1,'street view','no','yes',30),(17,'November rain',2,'street view','yes ,extra beds','yes',85),(18,'November rain',3,'street view','yes ,extra beds','no',110),(19,'November rain',4,'street view','no','no',150),(20,'Estranged',1,'sea view','no','no',60),(21,'Estranged',1,'garden view','no','no',60),(22,'Estranged',2,'sea view','yes, connects with next room','no',120),(23,'Estranged',3,'garden view','yes ,extra beds','no',180),(24,'Estranged',4,'sea view','no','no',270),(26,'Ilia',1,'sea view','yes, connects with next room','no',80),(27,'Ilia',1,'street view','yes ,extra beds','no',80),(28,'Ilia',2,'garden view','yes ,extra beds','no',160),(29,'Ilia',3,'sea view','yes ,extra beds','no',250),(30,'Ilia',4,'street view','no','no',320),(31,'Loukas',1,'sea view','yes, connects with next room','no',75),(32,'Loukas',1,'street view','yes, connects with next room','no',70),(33,'Loukas',2,'garden view','yes ,extra beds','no',150),(34,'Loukas',3,'sea view','yes ,extra beds','no',210),(35,'Loukas',4,'street view','no','no',270),(36,'Fotis',1,'street view','no','yes',30),(37,'Fotis',1,'street view','yes ,extra beds','yes',30),(38,'Fotis',2,'street view','yes, connects with next room','yes',55),(39,'Fotis',4,'street view','no','no',110),(40,'Marios',1,'garden view','no','no',50),(41,'Marios',1,'street view','yes, connects with next room','no',50),(42,'Marios',2,'garden view','no','no',90),(43,'Marios',4,'street view','no','no',110),(44,'Stauroula',1,'garden view','no','no',60),(45,'Stauroula',1,'sea view','no','no',65),(46,'Stauroula',2,'garden view','yes ,extra beds','yes',120),(47,'Stauroula',3,'sea view','yes ,extra beds','no',190),(48,'Stauroula',4,'garden view','no','no',240),(49,'Knocking on heavens door',3,'street view','yes ,extra beds','no',180),(50,'Fotis',3,'street view','no','no',90),(52,'Kim k',1,'garden view','no','no',60),(53,'Kim k',1,'sea view','no','no',65),(54,'Kim k',2,'garden view','yes, connects with next room','yes',120),(55,'Kim k',3,'sea view','yes ,extra beds','no',190),(56,'Kim k',4,'garden view','no','no',240),(57,'Khloe k',1,'street view','no','no',50),(58,'Khloe k',1,'sea view','no','no',55),(59,'Khloe k',2,'street view','yes ,extra beds','yes',110),(60,'Khloe k',3,'sea view','yes ,extra beds','no',170),(61,'Khloe k',4,'street view','no','no',240),(62,'Kourtney k',1,'street view','no','no',35),(63,'Kourtney k',1,'street view','no','no',35),(64,'Kourtney k',2,'street view','yes ,extra beds','yes',70),(65,'Kourtney k',3,'street view','yes ,extra beds','no',95),(66,'Kourtney k',4,'garden view','no','yes',140),(67,'Marios',3,'garden view','yes ,extra beds','yes',130),(68,'Kylie j',1,'garden view','no','no',80),(69,'Kylie j',1,'sea view','no','no',100),(70,'Kylie j',2,'garden view','yes ,extra beds','no',160),(71,'Kylie j',3,'sea view','yes ,extra beds','no',240),(72,'Kylie j',4,'garden view','no','no',320),(73,'Kendall j',1,'garden view','no','no',90),(74,'Kendall j',1,'sea view','no','no',100),(75,'Kendall j',2,'garden view','yes ,extra beds','no',190),(76,'Kendall j',3,'sea view','yes ,extra beds','no',280),(77,'Kendall j',4,'garden view','no','no',370),(78,'Minnie',1,'street view','no','yes',40),(79,'Minnie',1,'sea view','no','no',45),(80,'Minnie',2,'street view','yes ,extra beds','no',80),(81,'Minnie',3,'sea view','no','yes',110),(82,'Minnie',4,'street view','no','no',160),(83,'Mickey',1,'garden view','no','no',70),(84,'Mickey',1,'sea view','no','no',80),(85,'Mickey',2,'street view','yes ,extra beds','no',140),(86,'Mickey',3,'sea view','yes ,extra beds','no',210),(87,'Mickey',4,'garden view','no','no',270),(88,'Pluto',1,'garden view','no','no',90),(89,'Pluto',1,'sea view','no','no',95),(90,'Pluto',2,'garden view','yes, connects with next room','no',195),(91,'Pluto',3,'sea view','yes ,extra beds','no',270),(92,'Pluto',4,'garden view','no','no',360),(93,'Goofy',1,'garden view','no','no',100),(94,'Goofy',1,'sea view','no','no',120),(95,'Goofy',2,'garden view','yes ,extra beds','no',200),(96,'Goofy',3,'sea view','yes ,extra beds','no',360),(97,'Goofy',4,'garden view','no','no',460),(98,'Clarabell',1,'street view','yes ,extra beds','no',25),(99,'Clarabell',1,'sea view','yes ,extra beds','yes',25),(100,'Clarabell',2,'street view','yes, connects with next room','no',50),(101,'Clarabell',3,'sea view','yes ,extra beds','no',70),(102,'Clarabell',4,'street view','yes ,extra beds','yes',100),(103,'Subtle',1,'street view','yes, connects with next room','no',35),(104,'Subtle',1,'sea view','yes ,extra beds','yes',35),(105,'Subtle',2,'street view','yes ,extra beds','no',70),(106,'Subtle',3,'sea view','yes ,extra beds','no',95),(107,'Subtle',4,'street view','yes ,extra beds','yes',130),(108,'Art',1,'street view','yes ,extra beds','no',50),(109,'Art',1,'sea view','no','no',50),(110,'Art',2,'street view','yes, connects with next room','no',100),(111,'Art',3,'sea view','yes ,extra beds','no',150),(112,'Art',4,'garden view','yes ,extra beds','yes',200),(113,'Insane',1,'garden view','yes ,extra beds','no',80),(114,'Insane',1,'sea view','yes, connects with next room','no',80),(115,'Insane',2,'garden view','yes ,extra beds','no',160),(116,'Insane',3,'sea view','yes ,extra beds','no',240),(117,'Insane',4,'garden view','no','no',320),(118,'Foikon',1,'street view','yes, connects with next room','no',25),(119,'Foikon',1,'street view','yes ,extra beds','yes',25),(120,'Foikon',2,'street view','yes ,extra beds','no',50),(121,'Foikon',3,'street view','yes ,extra beds','no',70),(122,'Foikon',4,'street view','yes ,extra beds','yes',100),(123,'Frida',1,'garden view','yes ,extra beds','no',90),(124,'Frida',1,'garden view','yes, connects with next room','no',90),(125,'Frida',2,'garden view','yes ,extra beds','no',180),(126,'Frida',3,'garden view','yes ,extra beds','no',270),(127,'Frida',4,'garden view','no','no',360);

INSERT INTO amenities VALUES (1,'aircondition'),(1,'wifi'),(1,'balcony'),(1,'free parking'),(2,'aircondition'),(2,'wifi'),(2,'balcony'),(2,'free parking'),(3,'aircondition'),(3,'wifi'),(3,'balcony'),(3,'free parking'),(4,'aircondition'),(4,'wifi'),(4,'balcony'),(4,'free parking'),(5,'aircondition'),(5,'wifi'),(5,'balcony'),(5,'free parking'),(6,'wifi'),(7,'wifi'),(8,'wifi'),(9,'wifi'),(10,'wifi'),(10,'balcony'),(11,'wifi'),(11,'aircondition'),(11,'balcony'),(11,'washing machine'),(11,'free parking'),(11,'breakfast'),(11,'pool'),(12,'wifi'),(12,'aircondition'),(12,'balcony'),(12,'washing machine'),(12,'free parking'),(12,'breakfast'),(12,'pool'),(13,'wifi'),(13,'aircondition'),(13,'balcony'),(13,'washing machine'),(13,'free parking'),(13,'breakfast'),(13,'pool'),(14,'wifi'),(14,'aircondition'),(14,'balcony'),(14,'washing machine'),(14,'free parking'),(14,'breakfast'),(14,'pool'),(49,'wifi'),(49,'aircondition'),(49,'balcony'),(49,'washing machine'),(49,'free parking'),(49,'breakfast'),(49,'pool'),(26,'wifi'),(26,'aircondition'),(26,'balcony'),(26,'washing machine'),(26,'free parking'),(26,'breakfast'),(26,'pool'),(27,'wifi'),(27,'aircondition'),(27,'balcony'),(27,'washing machine'),(27,'free parking'),(27,'breakfast'),(27,'pool'),(28,'wifi'),(28,'aircondition'),(28,'balcony'),(28,'washing machine'),(28,'free parking'),(28,'breakfast'),(28,'pool'),(29,'wifi'),(29,'aircondition'),(29,'balcony'),(29,'washing machine'),(29,'free parking'),(29,'breakfast'),(29,'pool'),(30,'wifi'),(30,'aircondition'),(30,'balcony'),(30,'washing machine'),(30,'free parking'),(30,'breakfast'),(30,'pool'),(77,'wifi'),(77,'aircondition'),(77,'balcony'),(77,'washing machine'),(77,'free parking'),(77,'breakfast'),(77,'pool'),(76,'wifi'),(76,'aircondition'),(76,'balcony'),(76,'washing machine'),(76,'free parking'),(76,'breakfast'),(76,'pool'),(75,'wifi'),(75,'aircondition'),(75,'balcony'),(75,'washing machine'),(75,'free parking'),(75,'breakfast'),(75,'pool'),(74,'wifi'),(74,'aircondition'),(74,'balcony'),(74,'washing machine'),(74,'free parking'),(74,'breakfast'),(74,'pool'),(73,'wifi'),(73,'aircondition'),(73,'balcony'),(73,'washing machine'),(73,'free parking'),(73,'breakfast'),(73,'pool'),(97,'wifi'),(97,'aircondition'),(97,'balcony'),(97,'washing machine'),(97,'free parking'),(97,'breakfast'),(97,'pool'),(96,'wifi'),(96,'aircondition'),(96,'balcony'),(96,'washing machine'),(96,'free parking'),(96,'breakfast'),(96,'pool'),(95,'wifi'),(95,'aircondition'),(95,'balcony'),(95,'washing machine'),(95,'free parking'),(95,'breakfast'),(95,'pool'),(94,'wifi'),(94,'aircondition'),(94,'balcony'),(94,'washing machine'),(94,'free parking'),(94,'breakfast'),(94,'pool'),(93,'wifi'),(93,'aircondition'),(93,'balcony'),(93,'washing machine'),(93,'free parking'),(93,'breakfast'),(93,'pool'),(127,'wifi'),(127,'aircondition'),(127,'balcony'),(127,'washing machine'),(127,'free parking'),(127,'breakfast'),(127,'pool'),(126,'wifi'),(126,'aircondition'),(126,'balcony'),(126,'washing machine'),(126,'free parking'),(126,'breakfast'),(126,'pool'),(125,'wifi'),(125,'aircondition'),(125,'balcony'),(125,'washing machine'),(125,'free parking'),(125,'breakfast'),(125,'pool'),(124,'wifi'),(124,'aircondition'),(124,'balcony'),(124,'washing machine'),(124,'free parking'),(124,'breakfast'),(124,'pool'),(123,'wifi'),(123,'aircondition'),(123,'balcony'),(123,'washing machine'),(123,'free parking'),(123,'breakfast'),(123,'pool'),(20,'wifi'),(20,'aircondition'),(20,'balcony'),(20,'washing machine'),(20,'free parking'),(20,'breakfast'),(20,'kitchen'),(21,'wifi'),(21,'aircondition'),(21,'balcony'),(21,'washing machine'),(21,'free parking'),(21,'breakfast'),(21,'kitchen'),(22,'wifi'),(22,'aircondition'),(22,'balcony'),(22,'washing machine'),(22,'free parking'),(22,'breakfast'),(22,'kitchen'),(23,'wifi'),(23,'aircondition'),(23,'balcony'),(23,'washing machine'),(23,'free parking'),(23,'breakfast'),(23,'kitchen'),(24,'wifi'),(24,'aircondition'),(24,'balcony'),(24,'washing machine'),(24,'free parking'),(24,'breakfast'),(24,'kitchen'),(31,'wifi'),(31,'aircondition'),(31,'balcony'),(31,'washing machine'),(31,'free parking'),(31,'breakfast'),(31,'kitchen'),(32,'wifi'),(32,'aircondition'),(32,'balcony'),(32,'washing machine'),(32,'free parking'),(32,'breakfast'),(32,'kitchen'),(35,'wifi'),(35,'aircondition'),(35,'balcony'),(35,'washing machine'),(35,'free parking'),(35,'breakfast'),(35,'kitchen'),(33,'wifi'),(33,'aircondition'),(33,'balcony'),(33,'washing machine'),(33,'free parking'),(33,'breakfast'),(33,'kitchen'),(34,'wifi'),(34,'aircondition'),(34,'balcony'),(34,'washing machine'),(34,'free parking'),(34,'breakfast'),(34,'kitchen'),(52,'wifi'),(52,'aircondition'),(52,'balcony'),(52,'washing machine'),(52,'free parking'),(52,'breakfast'),(52,'kitchen'),(53,'wifi'),(53,'aircondition'),(53,'balcony'),(53,'washing machine'),(53,'free parking'),(53,'breakfast'),(53,'kitchen'),(54,'wifi'),(54,'aircondition'),(54,'balcony'),(54,'washing machine'),(54,'free parking'),(54,'breakfast'),(54,'kitchen'),(55,'wifi'),(55,'aircondition'),(55,'balcony'),(55,'washing machine'),(55,'free parking'),(55,'breakfast'),(55,'kitchen'),(56,'wifi'),(56,'aircondition'),(56,'balcony'),(56,'washing machine'),(56,'free parking'),(56,'breakfast'),(56,'kitchen'),(72,'wifi'),(72,'aircondition'),(72,'balcony'),(72,'washing machine'),(72,'free parking'),(72,'breakfast'),(72,'kitchen'),(68,'wifi'),(68,'aircondition'),(68,'balcony'),(68,'washing machine'),(68,'free parking'),(68,'breakfast'),(68,'kitchen'),(69,'wifi'),(69,'aircondition'),(69,'balcony'),(69,'washing machine'),(69,'free parking'),(69,'breakfast'),(69,'kitchen'),(70,'wifi'),(70,'aircondition'),(70,'balcony'),(70,'washing machine'),(70,'free parking'),(70,'breakfast'),(70,'kitchen'),(71,'wifi'),(71,'aircondition'),(71,'balcony'),(71,'washing machine'),(71,'free parking'),(71,'breakfast'),(71,'kitchen'),(92,'wifi'),(92,'aircondition'),(92,'balcony'),(92,'washing machine'),(92,'free parking'),(92,'breakfast'),(92,'kitchen'),(88,'wifi'),(88,'aircondition'),(88,'balcony'),(88,'washing machine'),(88,'free parking'),(88,'breakfast'),(88,'kitchen'),(89,'wifi'),(89,'aircondition'),(89,'balcony'),(89,'washing machine'),(89,'free parking'),(89,'breakfast'),(89,'kitchen'),(90,'wifi'),(90,'aircondition'),(90,'balcony'),(90,'washing machine'),(90,'free parking'),(90,'breakfast'),(90,'kitchen'),(91,'wifi'),(91,'aircondition'),(91,'balcony'),(91,'washing machine'),(91,'free parking'),(91,'breakfast'),(91,'kitchen'),(113,'wifi'),(113,'aircondition'),(113,'balcony'),(113,'washing machine'),(113,'free parking'),(113,'breakfast'),(113,'kitchen'),(114,'wifi'),(114,'aircondition'),(114,'balcony'),(114,'washing machine'),(114,'free parking'),(114,'breakfast'),(114,'kitchen'),(115,'wifi'),(115,'aircondition'),(115,'balcony'),(115,'washing machine'),(115,'free parking'),(115,'breakfast'),(115,'kitchen'),(116,'wifi'),(116,'aircondition'),(116,'balcony'),(116,'washing machine'),(116,'free parking'),(116,'breakfast'),(116,'kitchen'),(117,'wifi'),(117,'aircondition'),(117,'balcony'),(117,'washing machine'),(117,'free parking'),(117,'breakfast'),(117,'kitchen'),(40,'wifi'),(40,'aircondition'),(40,'balcony'),(41,'wifi'),(41,'aircondition'),(41,'balcony'),(42,'wifi'),(42,'aircondition'),(42,'balcony'),(43,'wifi'),(43,'aircondition'),(43,'balcony'),(67,'wifi'),(67,'aircondition'),(67,'balcony'),(44,'wifi'),(44,'aircondition'),(44,'balcony'),(45,'wifi'),(45,'aircondition'),(45,'balcony'),(46,'wifi'),(46,'aircondition'),(46,'balcony'),(47,'wifi'),(47,'aircondition'),(47,'balcony'),(48,'wifi'),(48,'aircondition'),(48,'balcony'),(57,'wifi'),(57,'aircondition'),(57,'balcony'),(58,'wifi'),(58,'aircondition'),(58,'balcony'),(59,'wifi'),(59,'aircondition'),(59,'balcony'),(60,'wifi'),(60,'aircondition'),(60,'balcony'),(61,'wifi'),(61,'aircondition'),(61,'balcony'),(83,'wifi'),(83,'aircondition'),(83,'balcony'),(84,'wifi'),(84,'aircondition'),(84,'balcony'),(85,'wifi'),(85,'aircondition'),(85,'balcony'),(86,'wifi'),(86,'aircondition'),(86,'balcony'),(87,'wifi'),(87,'aircondition'),(87,'balcony'),(108,'wifi'),(108,'aircondition'),(108,'balcony'),(109,'wifi'),(109,'aircondition'),(109,'balcony'),(110,'wifi'),(110,'aircondition'),(110,'balcony'),(111,'wifi'),(111,'aircondition'),(111,'balcony'),(112,'wifi'),(112,'aircondition'),(112,'balcony'),(15,'wifi'),(15,'balcony'),(16,'wifi'),(16,'balcony'),(17,'wifi'),(17,'balcony'),(18,'wifi'),(18,'balcony'),(19,'wifi'),(19,'balcony'),(62,'wifi'),(62,'balcony'),(63,'wifi'),(63,'balcony'),(64,'wifi'),(64,'balcony'),(65,'wifi'),(65,'balcony'),(66,'wifi'),(66,'balcony'),(78,'wifi'),(78,'balcony'),(79,'wifi'),(79,'balcony'),(80,'wifi'),(80,'balcony'),(81,'wifi'),(81,'balcony'),(82,'wifi'),(82,'balcony'),(103,'wifi'),(103,'balcony'),(104,'wifi'),(104,'balcony'),(105,'wifi'),(105,'balcony'),(106,'wifi'),(106,'balcony'),(107,'wifi'),(107,'balcony'),(36,'wifi'),(37,'wifi'),(38,'wifi'),(39,'wifi'),(50,'wifi'),(98,'wifi'),(99,'wifi'),(100,'wifi'),(101,'wifi'),(102,'wifi'),(118,'wifi'),(119,'wifi'),(120,'wifi'),(121,'wifi'),(122,'wifi');

INSERT INTO `employee` VALUES(125364728,52637182526,'Giorgos','Papadakis','El. venizelou rethymno',35,74100,'Kriti');

INSERT INTO `works` VALUES(125364728,'Art','manager', STR_TO_DATE('23-02-2012', '%d-%m-%Y'),NULL);

INSERT INTO `employee` VALUES(635241378,16283923643,'Tzoanna','Eleutheriou',NULL,NULL,84007,'Antiparos');

INSERT INTO `works` VALUES(635241378,'Clarabell','manager', STR_TO_DATE('23-02-2012', '%d-%m-%Y'),NULL);

INSERT INTO `employee` VALUES(253648901,53264857352,'Cornelia','Heliopoulou','Ethnikis antistaseos',12,71306,'Kriti');

INSERT INTO `works` VALUES(253648901,'Estranged','manager', STR_TO_DATE('25-01-2014', '%d-%m-%Y'),NULL);
  
INSERT INTO `employee` VALUES(615243879,10937462536,'Vassiliki','Diamantopoulou',NULL,NULL,42200,'Meteora');

INSERT INTO `works` VALUES(615243879,'Foikon','manager', STR_TO_DATE('28-05-2015', '%d-%m-%Y'),NULL);

INSERT INTO `employee` VALUES(142536473,12637482937,'Dimitris','Maverick',NULL,NULL,20400,'Ano trikala korinthias');

INSERT INTO `works` VALUES(142536473,'Fotis','manager', STR_TO_DATE('04-04-2011', '%d-%m-%Y'),NULL);
 
INSERT INTO `employee` VALUES(764384923,16253728920,'Panagiotis','Oikonomopoulos','dimokratias',3,45221,'Giannena');

INSERT INTO `works` VALUES(764384923,'Frida','manager', STR_TO_DATE('16-07-2017', '%d-%m-%Y'),NULL);

INSERT INTO `employee` VALUES(615243627,19283726354,'Konstantina','Panagiotou','Vasileos paulou',23,23200,'Gytheio');

INSERT INTO `works` VALUES(615243627,'Goofy','manager', STR_TO_DATE('26-03-2016', '%d-%m-%Y'),NULL);
 
INSERT INTO `employee` VALUES(652413278,87251436273,'Souzi','Dioleti',NULL,NULL,83103,'Mitilinioi Samou');

INSERT INTO `works` VALUES(652413278,'Ilia','manager', STR_TO_DATE('15-04-2016', '%d-%m-%Y'),NULL);

INSERT INTO `employee` VALUES(765426374,71625342637,'Dionisis','Kollias',NULL,NULL,84600,'Mykonoa');

INSERT INTO `works` VALUES(765426374,'Insane','manager', STR_TO_DATE('05-01-2012', '%d-%m-%Y'),NULL);
 
INSERT INTO `employee` VALUES(324567345,01928364823,'Eleni','Doulfi','eleutherias',4,45221,'Giannena');

INSERT INTO `works` VALUES(324567345,'Jungle','manager', STR_TO_DATE('08-10-2013', '%d-%m-%Y'),NULL);
 
INSERT INTO `employee` VALUES(876453932,12039475839,'Alkisti','Protopsalti','Chora',NULL,84600,'Mykonos');

INSERT INTO `works` VALUES(876453932,'Kendall j','manager', STR_TO_DATE('04-06-2015', '%d-%m-%Y'),NULL);
 
INSERT INTO `employee` VALUES(456839745,93846372847,'Nikos','Psilos','Myriofitou',9,26223,'Patra');

INSERT INTO `works` VALUES(456839745,'Khloe k','manager', STR_TO_DATE('17-06-2015', '%d-%m-%Y'),NULL);
 
INSERT INTO `employee` VALUES(123456789,12456376569,'Giannis','Mparoutis','Nikolaou',10,26221,'Patra');

INSERT INTO `works` VALUES(123456789,'Kim k','manager', STR_TO_DATE('18-11-2016', '%d-%m-%Y'),NULL);
 
INSERT INTO `employee` VALUES(897463526,35264738291,'Notis','Ioannou','Aggelou',12,16674,'Athina');

INSERT INTO `works` VALUES(897463526,'Knocking on heavens door','manager', STR_TO_DATE('20-09-2017', '%d-%m-%Y'),NULL);
 
INSERT INTO `employee` VALUES(253648379,38763524128,'Xrysanthi','Argeiti',NULL,NULL,42200,'Meteora');

INSERT INTO `works` VALUES(253648379,'Kourtney k','manager', STR_TO_DATE('01-01-2013', '%d-%m-%Y'),NULL);
 
INSERT INTO `employee` VALUES(647362536,93846271920,'Faidon','Palaiologou',NULL,NULL,84007,'Antiparos');

INSERT INTO `works` VALUES(647362536,'Kylie j','manager', STR_TO_DATE('12-01-2012', '%d-%m-%Y'),NULL);
 
INSERT INTO `employee` VALUES(846374839,96352718394,'Parmenion','Lianos',NULL,NULL,83100,'Samos');

INSERT INTO `works` VALUES(846374839,'Loukas','manager', STR_TO_DATE('23-12-2012', '%d-%m-%Y'),NULL);
 
INSERT INTO `employee` VALUES(546573829,92817463527,'Eva','Karampatsi',NULL,NULL,32004,'Arahova');

INSERT INTO `works` VALUES(546573829,'Marios','manager', STR_TO_DATE('07-08-2015', '%d-%m-%Y'),NULL);
 
INSERT INTO `employee` VALUES(837321647,8762534829,'Georgia','Katakouzinou',NULL,NULL,63078,'Halkidiki');

INSERT INTO `works` VALUES(837321647,'Mickey','manager', STR_TO_DATE('13-08-2016', '%d-%m-%Y'),NULL);

INSERT INTO `employee` VALUES(647352839,26354728321,'Efthymia','Giannakopoulou','Poseidi',NULL,63077,'Halkidiki');

INSERT INTO `works` VALUES(647352839,'Minnie','manager', STR_TO_DATE('19-10-2016', '%d-%m-%Y'),NULL);
  
INSERT INTO `employee` VALUES(324564738,53627384950,'Dafni','Georgiadou','Theagenous harissi',32,54646,'Thessaloniki');

INSERT INTO `works` VALUES(324564738,'Nightrain','manager', STR_TO_DATE('06-01-1997', '%d-%m-%Y'),NULL);

INSERT INTO `employee` VALUES(123467283,91827364512,'Sotiria','Skourou','Ierolohiton',18,12244,'Athina');

INSERT INTO `works` VALUES(123467283,'November rain','manager', STR_TO_DATE('13-04-2008', '%d-%m-%Y'),NULL);

INSERT INTO `employee` VALUES(546372894,27263514283,'Sotiria','Skourou','Agias theklas',1,34100,'Halkida');

INSERT INTO `works` VALUES(546372894,'Pluto','manager', STR_TO_DATE('03-06-2011', '%d-%m-%Y'),NULL);
  
INSERT INTO `employee` VALUES(847312536,63524152743,'Xristos','Ioannidis',NULL,NULL,23200,'Gytheio');

INSERT INTO `works` VALUES(847312536,'Stauroula','manager', STR_TO_DATE('18-04-2001', '%d-%m-%Y'),NULL);
 
INSERT INTO `employee` VALUES(342516374,98374625134,'Sokratis','Papakaliatis','Elyti',3,71500,'Kriti');

INSERT INTO `works` VALUES(342516374,'Subtle','manager', STR_TO_DATE('09-09-2009', '%d-%m-%Y'),NULL);